{"text": " Tell me what's that standard for today, talk to him.", "segments": [{"id": 0, "seek": 0, "start": 0.0, "end": 3.0, "text": " Tell me what's that standard for today, talk to him.", "tokens": [50364, 5115, 385, 437, 311, 300, 3832, 337, 965, 11, 751, 281, 796, 13, 50514], "temperature": 0.0, "avg_logprob": -0.5286167860031128, "compression_ratio": 0.9122807017543859, "no_speech_prob": 0.08284085243940353}], "language": "en"}