{"text": " Tell me what's outstanding. Give me the top 10 things that I need to do today to get you set up.", "segments": [{"id": 0, "seek": 0, "start": 0.0, "end": 4.64, "text": " Tell me what's outstanding. Give me the top 10 things that I need to do today to get you set up.", "tokens": [50364, 5115, 385, 437, 311, 14485, 13, 5303, 385, 264, 1192, 1266, 721, 300, 286, 643, 281, 360, 965, 281, 483, 291, 992, 493, 13, 50596], "temperature": 0.0, "avg_logprob": -0.2554493127045808, "compression_ratio": 1.1162790697674418, "no_speech_prob": 0.06509111076593399}], "language": "en"}